{"xmin": {"0": 6.2712554932}, "ymin": {"0": 25.0849914551}, "xmax": {"0": 286.3869628906}, "ymax": {"0": 309.3815307617}, "confidence": {"0": 0.8951339722}, "class": {"0": 1}, "name": {"0": "class1"}}